"","variable","model","experiment","value","sd"
"1","cl","CAM-ATRAS","shp_30p_red",-0.00771795503685251,0.00949046195281453
"2","cl","CESM1","shp_30p_red",-0.00554327961502317,0.00745212336260727
"3","cl","GISS-E2.1","shp_30p_red",-0.00249684911465575,0.00805359435149889
"4","clivi","CAM-ATRAS","shp_30p_red",-6.35811963085528e-07,9.76937975522319e-06
"5","clivi","CESM1","shp_30p_red",-3.95910286872494e-05,2.49824805095107e-05
"6","clivi","E3SM","shp_30p_red",-7.23089695159503e-06,1.96778575706392e-05
"7","clivi","GFDL-ESM4","shp_30p_red",7.3703673535308e-05,0.000135811013453751
"8","clivi","GISS-E2.1","shp_30p_red",0.000217891616710175,0.000340302050190819
"9","clivi","NorESM2","shp_30p_red",4.8858391861633e-05,5.91996382706529e-05
"10","clt","CAM-ATRAS","shp_30p_red",-0.00603603245769762,0.0312554134024317
"11","clt","CESM1","shp_30p_red",-0.0249949708960713,0.0346197116335795
"12","clt","E3SM","shp_30p_red",0.0318930058566266,0.0266354322077253
"13","clt","GISS-E2.1","shp_30p_red",-0.030162996332588,0.035157614880928
"14","clt","NorESM2","shp_30p_red",0.0235449943789106,0.0769138896013593
"15","cltc","E3SM","shp_30p_red",0,0
"16","cltc","GFDL-ESM4","shp_30p_red",-0.00030134519288314,0.0022627274193262
"17","cltc","GISS-E2.1","shp_30p_red",-0.00024480886132654,0.015340089675746
"18","dms","CAM-ATRAS","shp_30p_red",-4.68131604350224e-14,2.00560611079976e-13
"19","dms","CESM1","shp_30p_red",6.50619788275318e-14,7.51765158544551e-13
"20","dms","GFDL-ESM4","shp_30p_red",-8.06124037684414e-14,6.66518595886076e-14
"21","dms","GISS-E2.1","shp_30p_red",-5.72707462137732e-14,3.43325449123345e-14
"22","dms","NorESM2","shp_30p_red",-9.01816324889115e-15,1.95775750569835e-14
"23","drybc","CAM-ATRAS","shp_30p_red",6.29557743034837e-18,3.58820079440604e-17
"24","drybc","CESM1","shp_30p_red",1.4366173714346e-16,1.13972629746456e-16
"25","drybc","E3SM","shp_30p_red",7.3581417963326e-17,7.47082817512305e-17
"26","drybc","GFDL-ESM4","shp_30p_red",1.38282117944708e-17,8.92601601114701e-17
"27","drybc","GISS-E2.1","shp_30p_red",-1.12915746864789e-17,7.53072346432714e-17
"28","drybc","NorESM2","shp_30p_red",-2.62978151932714e-17,9.39627054457204e-17
"29","dryso2","CAM-ATRAS","shp_30p_red",-2.31800246439831e-13,6.96277273196918e-15
"30","dryso2","E3SM","shp_30p_red",-3.20368363147788e-13,1.33940131484771e-14
"31","dryso2","GFDL-ESM4","shp_30p_red",-3.54318644429248e-13,2.23271927666403e-14
"32","dryso2","GISS-E2.1","shp_30p_red",-4.23511718624935e-13,1.47669970002145e-14
"33","dryso2","NorESM2","shp_30p_red",-4.68336137847288e-13,3.86771205107569e-14
"34","dryso4","CAM-ATRAS","shp_30p_red",-7.27405650793847e-14,4.48569867404499e-15
"35","dryso4","CESM1","shp_30p_red",-6.44635703407308e-14,3.62551896253633e-15
"36","dryso4","E3SM","shp_30p_red",-6.04501396866779e-14,2.59823288465626e-15
"37","dryso4","GISS-E2.1","shp_30p_red",-3.87003715456276e-14,1.93788003891634e-15
"38","dryso4","NorESM2","shp_30p_red",-3.38394177653511e-14,4.07520301877801e-15
"39","emibc","CAM-ATRAS","shp_30p_red",1.83670449978946e-21,2.49585606464029e-21
"40","emibc","CESM1","shp_30p_red",-1.06806870075732e-21,4.2637219208226e-21
"41","emibc","E3SM","shp_30p_red",8.54289104430689e-23,3.4614461948419e-21
"42","emibc","GFDL-ESM4","shp_30p_red",4.17612651234251e-21,1.17212841070535e-20
"43","emibc","GISS-E2.1","shp_30p_red",1.6772826452472e-21,1.8625363204352e-22
"44","emibc","NorESM2","shp_30p_red",3.50474946266748e-22,8.24713445629169e-22
"45","emiso2","CAM-ATRAS","shp_30p_red",-6.07283324037726e-13,2.4137713170184e-14
"46","emiso2","CESM1","shp_30p_red",-5.99047956881993e-13,2.38442625670835e-14
"47","emiso2","E3SM","shp_30p_red",-6.42087329064051e-13,2.55580301497687e-14
"48","emiso2","GFDL-ESM4","shp_30p_red",-7.62265005879628e-13,4.90126002921147e-14
"49","emiso2","NorESM2","shp_30p_red",-6.42206862596942e-13,5.38758750608712e-14
"50","loadbc","CAM-ATRAS","shp_30p_red",-1.34190726404475e-10,1.62877781530392e-10
"51","loadbc","CESM1","shp_30p_red",-6.03470752868158e-10,7.48483666957257e-10
"52","loadbc","E3SM","shp_30p_red",-1.37736122982708e-10,1.59497091272246e-10
"53","loadbc","NorESM2","shp_30p_red",-1.26532770554996e-10,3.56588792809035e-10
"54","loadso2","CAM-ATRAS","shp_30p_red",-3.74035460867481e-08,2.00029961824817e-09
"55","loadso2","CESM1","shp_30p_red",-4.74683207888629e-08,2.3616482361719e-09
"56","loadso2","E3SM","shp_30p_red",-4.02866859412624e-08,1.47926326729335e-09
"57","loadso2","GFDL-ESM4","shp_30p_red",-4.50074743825362e-08,2.89334030991656e-09
"58","loadso2","GISS-E2.1","shp_30p_red",-3.42617318902527e-08,1.13194246379453e-09
"59","loadso2","NorESM2","shp_30p_red",-1.55962538972691e-08,2.01772954981948e-09
"60","loadso4","CAM-ATRAS","shp_30p_red",-7.90201045886549e-08,9.17942911778078e-09
"61","loadso4","CESM1","shp_30p_red",-1.06983234664606e-07,4.64638702047428e-09
"62","loadso4","E3SM","shp_30p_red",-8.42150503414877e-08,6.32715523026533e-09
"63","loadso4","GFDL-ESM4","shp_30p_red",-7.79193375184548e-08,2.49585167697017e-09
"64","loadso4","GISS-E2.1","shp_30p_red",-6.09352810102395e-08,1.53208816382779e-09
"65","loadso4","NorESM2","shp_30p_red",-4.71349689501406e-08,9.3704142919238e-09
"66","mmrbc","CAM-ATRAS","shp_30p_red",-6.12728752361295e-14,7.25186397780937e-14
"67","mmrbc","CESM1","shp_30p_red",-2.68568476210441e-14,6.53093620888963e-14
"68","mmrbc","GISS-E2.1","shp_30p_red",-6.95083895904943e-16,6.46346098605089e-14
"69","mmrbc","NorESM2","shp_30p_red",-5.05331165926685e-14,8.54515336165501e-14
"70","mmrso4","CAM-ATRAS","shp_30p_red",-4.85127804275149e-11,3.51196183967449e-12
"71","mmrso4","CESM1","shp_30p_red",-4.08984634952966e-11,2.24912007537303e-12
"72","mmrso4","GFDL-ESM4","shp_30p_red",-3.71882812220665e-11,2.59162987641084e-12
"73","mmrso4","GISS-E2.1","shp_30p_red",-3.33105956500705e-11,1.52636240685505e-12
"74","mmrso4","NorESM2","shp_30p_red",-2.07172515860808e-11,2.32676988390683e-12
"75","od550aer","CAM-ATRAS","shp_30p_red",-0.000513246783677879,0.00010417384043139
"76","od550aer","CESM1","shp_30p_red",-0.00122238529284258,0.000342211793721288
"77","od550aer","E3SM","shp_30p_red",-0.000920154496415165,7.77883638701407e-05
"78","od550aer","GFDL-ESM4","shp_30p_red",-0.000675875141456267,0.000481907863159137
"79","od550aer","GISS-E2.1","shp_30p_red",-0.00199169360522364,0.000238973648756827
"80","rlut","CAM-ATRAS","shp_30p_red",-0.0108278508940259,0.0136978962338628
"81","rlut","CESM1","shp_30p_red",-0.0739985469966143,0.0242391117783237
"82","rlut","E3SM","shp_30p_red",0.0168521393951153,0.0625941316555328
"83","rlut","GFDL-ESM4","shp_30p_red",0.0137094087498838,0.0582699101081742
"84","rlut","GISS-E2.1","shp_30p_red",-0.0132331208034827,0.0116795635021146
"85","rlut","NorESM2","shp_30p_red",0.0504387292877595,0.0886738011130485
"86","rlutcs","CAM-ATRAS","shp_30p_red",0.000883477308241254,0.00531514655937235
"87","rlutcs","CESM1","shp_30p_red",-0.0182440310812353,0.00772242424457036
"88","rlutcs","E3SM","shp_30p_red",0.0110687410399009,0.0101017511536324
"89","rlutcs","GFDL-ESM4","shp_30p_red",0.0157349720728234,0.0164210528667928
"90","rlutcs","GISS-E2.1","shp_30p_red",-0.00382340432141746,0.00482611675186237
"91","rlutcs","NorESM2","shp_30p_red",-0.00512058010098144,0.0283022791150977
"92","rsdt","CAM-ATRAS","shp_30p_red",-4.63636183667404e-08,3.24220388642488e-07
"93","rsdt","CESM1","shp_30p_red",0,0
"94","rsdt","E3SM","shp_30p_red",0,0
"95","rsdt","GFDL-ESM4","shp_30p_red",0,0
"96","rsdt","NorESM2","shp_30p_red",-2.06057006835181e-07,3.04640645305942e-07
"97","rsut","CAM-ATRAS","shp_30p_red",0.150511779810597,0.0176853987646588
"98","rsut","CESM1","shp_30p_red",0.215920029387877,0.0869540329015145
"99","rsut","E3SM","shp_30p_red",0.049215039435245,0.0715309131382098
"100","rsut","GFDL-ESM4","shp_30p_red",0.0400689889066172,0.068352491661023
"101","rsut","GISS-E2.1","shp_30p_red",0.0752173926401213,0.0231667759895546
"102","rsut","NorESM2","shp_30p_red",0.0143856194720797,0.0597451649928742
"103","rsutcs","CAM-ATRAS","shp_30p_red",0.017534694024414,0.00390221176324057
"104","rsutcs","CESM1","shp_30p_red",0.0371047504091436,0.00903607258856642
"105","rsutcs","E3SM","shp_30p_red",0.0301326884166315,0.00167456686214658
"106","rsutcs","GFDL-ESM4","shp_30p_red",0.00530714290397896,0.00972838116453548
"107","rsutcs","GISS-E2.1","shp_30p_red",0.0619170218793528,0.0101925046785764
"108","rsutcs","NorESM2","shp_30p_red",0.019658704553332,0.00583623384618278
"109","so2","CAM-ATRAS","shp_30p_red",-3.19850058400341e-11,1.16973935772774e-12
"110","so2","CESM1","shp_30p_red",-3.52827462072717e-11,1.83304205404272e-12
"111","so2","GFDL-ESM4","shp_30p_red",-2.65820043703912e-11,1.65333169448209e-12
"112","so2","GISS-E2.1","shp_30p_red",-1.74617551522833e-11,5.44683052164794e-13
"113","so2","NorESM2","shp_30p_red",-2.05503806353329e-11,1.81701013198089e-12
"114","srfdms","E3SM","shp_30p_red",1.14051560665292e-13,1.18046714068229e-13
"115","wetbc","CAM-ATRAS","shp_30p_red",-1.72366226808975e-17,5.41686888042711e-16
"116","wetbc","CESM1","shp_30p_red",-6.43781352021972e-16,4.87822103729943e-16
"117","wetbc","E3SM","shp_30p_red",2.72246670794858e-16,4.48801715861653e-16
"118","wetbc","GFDL-ESM4","shp_30p_red",-3.68715297809419e-16,6.89435553538867e-16
"119","wetbc","GISS-E2.1","shp_30p_red",-1.05393197592897e-16,4.94080483703303e-16
"120","wetbc","NorESM2","shp_30p_red",-2.16138302897414e-16,8.54998393141874e-16
"121","wetso2","CAM-ATRAS","shp_30p_red",-6.2606980703832e-14,3.1008791645069e-15
"122","wetso2","GFDL-ESM4","shp_30p_red",-9.29255814081135e-14,7.59211327885284e-15
"123","wetso2","NorESM2","shp_30p_red",-7.6098404256562e-14,5.87991251745773e-15
"124","wetso4","CAM-ATRAS","shp_30p_red",-3.52092817282804e-13,2.13251741916657e-14
"125","wetso4","CESM1","shp_30p_red",-3.15201812523781e-13,6.79453581821835e-15
"126","wetso4","E3SM","shp_30p_red",-1.90249625009302e-13,1.50929222324171e-14
"127","wetso4","GISS-E2.1","shp_30p_red",-2.82385295994455e-13,1.43922785317767e-14
"128","wetso4","NorESM2","shp_30p_red",-1.34989970185321e-13,1.80822816595282e-14
"129","cl","CAM-ATRAS","shp_60p_red",-0.0114718904434006,0.00673965517760121
"130","cl","CESM1","shp_60p_red",0.0208144220259922,0.0142874406442885
"131","cl","GISS-E2.1","shp_60p_red",-0.00490693039415646,0.0173260790267608
"132","clivi","CAM-ATRAS","shp_60p_red",1.72183946349561e-06,7.0010499224433e-06
"133","clivi","CESM1","shp_60p_red",-7.81139812713171e-05,3.88184357648827e-05
"134","clivi","E3SM","shp_60p_red",-1.4756529020166e-05,7.15418879014217e-06
"135","clivi","GFDL-ESM4","shp_60p_red",0.000100731344725552,0.000114592558828984
"136","clivi","GISS-E2.1","shp_60p_red",0.00037267197108691,0.000584991961012789
"137","clivi","NorESM2","shp_60p_red",2.75698063658462e-05,5.96922916679922e-05
"138","clt","CAM-ATRAS","shp_60p_red",-0.0190754047457645,0.0495194280906403
"139","clt","CESM1","shp_60p_red",-0.0661339959548044,0.0832985118009882
"140","clt","E3SM","shp_60p_red",0.0104258180569744,0.0177998900074714
"141","clt","GISS-E2.1","shp_60p_red",-0.0283834129494778,0.0378027702133716
"142","clt","NorESM2","shp_60p_red",0.0184144900501948,0.0829689522927921
"143","cltc","E3SM","shp_60p_red",0,0
"144","cltc","GFDL-ESM4","shp_60p_red",0.000138082434509634,0.00159667014925576
"145","cltc","GISS-E2.1","shp_60p_red",-0.00595803054295558,0.0129320687875037
"146","dms","CAM-ATRAS","shp_60p_red",-1.05764255694021e-13,8.79452644361903e-14
"147","dms","GFDL-ESM4","shp_60p_red",-1.73645767142435e-13,1.88175851175905e-13
"148","dms","GISS-E2.1","shp_60p_red",-1.19087991498103e-13,2.38861214362865e-14
"149","dms","NorESM2","shp_60p_red",-2.06145830742473e-15,4.56816045775859e-14
"150","drybc","CAM-ATRAS","shp_60p_red",-3.48463169206498e-17,3.42477080109852e-17
"151","drybc","E3SM","shp_60p_red",1.67102468643409e-16,4.38565861793985e-17
"152","drybc","GFDL-ESM4","shp_60p_red",-8.53481207252808e-17,1.13361845762749e-16
"153","drybc","GISS-E2.1","shp_60p_red",4.43158447465554e-18,4.3225723014779e-17
"154","drybc","NorESM2","shp_60p_red",6.80146183967225e-17,8.82379373088875e-17
"155","dryso2","CAM-ATRAS","shp_60p_red",-4.39889411750512e-13,1.42783074045289e-14
"156","dryso2","E3SM","shp_60p_red",-6.3927623521444e-13,2.69672898246716e-14
"157","dryso2","GFDL-ESM4","shp_60p_red",-6.91799465066677e-13,4.43603335024702e-14
"158","dryso2","GISS-E2.1","shp_60p_red",-8.46508468527778e-13,3.09378513020169e-14
"159","dryso2","NorESM2","shp_60p_red",-9.34335871817328e-13,7.63328675777327e-14
"160","dryso4","CAM-ATRAS","shp_60p_red",-1.4907366005587e-13,6.95148953856262e-15
"161","dryso4","CESM1","shp_60p_red",-1.29908991382649e-13,5.66412026761253e-15
"162","dryso4","E3SM","shp_60p_red",-1.20248620142196e-13,5.66357587152682e-15
"163","dryso4","GISS-E2.1","shp_60p_red",-7.64769025428717e-14,4.47548133098285e-15
"164","dryso4","NorESM2","shp_60p_red",-6.78542666860925e-14,6.29538304134126e-15
"165","emibc","CAM-ATRAS","shp_60p_red",6.91818568809187e-22,1.83568921526382e-21
"166","emibc","CESM1","shp_60p_red",-2.85856127685941e-21,4.3931402689001e-21
"167","emibc","E3SM","shp_60p_red",1.8836063801572e-21,1.66132370279757e-21
"168","emibc","GFDL-ESM4","shp_60p_red",7.1398572180461e-22,9.97742202181849e-21
"169","emibc","GISS-E2.1","shp_60p_red",1.6772826452472e-21,1.8625363204352e-22
"170","emibc","NorESM2","shp_60p_red",8.09886812513764e-23,4.2760201852563e-22
"171","emiso2","CAM-ATRAS","shp_60p_red",-1.21453400656306e-12,4.82843450406969e-14
"172","emiso2","CESM1","shp_60p_red",-1.1980958667842e-12,4.76885127601684e-14
"173","emiso2","E3SM","shp_60p_red",-1.28417499921377e-12,5.11166044784274e-14
"174","emiso2","GFDL-ESM4","shp_60p_red",-1.52436850335679e-12,9.80122969590356e-14
"175","emiso2","NorESM2","shp_60p_red",-1.28441383700237e-12,1.07751824904153e-13
"176","loadbc","CAM-ATRAS","shp_60p_red",-2.31039287165764e-10,3.60846300508714e-10
"177","loadbc","CESM1","shp_60p_red",3.25115981912777e-10,3.44263108623549e-10
"178","loadbc","E3SM","shp_60p_red",-1.03567968268443e-10,1.8829017030194e-10
"179","loadbc","NorESM2","shp_60p_red",2.48520893812329e-10,6.63121501537576e-10
"180","loadso2","CAM-ATRAS","shp_60p_red",-6.96435895060216e-08,4.15848440125372e-09
"181","loadso2","CESM1","shp_60p_red",-9.53549748054067e-08,3.20899138465785e-09
"182","loadso2","E3SM","shp_60p_red",-7.98560788959444e-08,3.42789027478845e-09
"183","loadso2","GISS-E2.1","shp_60p_red",-6.91603300117918e-08,1.17429907604141e-09
"184","loadso2","NorESM2","shp_60p_red",-3.11602964955269e-08,3.29496507927776e-09
"185","loadso4","CAM-ATRAS","shp_60p_red",-1.71016741383825e-07,1.18973926615188e-08
"186","loadso4","CESM1","shp_60p_red",-2.07068161454376e-07,8.84166979628967e-09
"187","loadso4","E3SM","shp_60p_red",-1.6607963315116e-07,8.64556264278874e-09
"188","loadso4","GFDL-ESM4","shp_60p_red",-1.75361302159254e-07,1.30902276584774e-08
"189","loadso4","GISS-E2.1","shp_60p_red",-1.19028583753187e-07,4.65952312123385e-09
"190","loadso4","NorESM2","shp_60p_red",-8.99203307573546e-08,1.61622827720529e-08
"191","mmrbc","CAM-ATRAS","shp_60p_red",-1.04773648996933e-13,8.86562714726776e-14
"192","mmrbc","CESM1","shp_60p_red",-2.17728348620795e-14,6.4227757044895e-14
"193","mmrbc","GISS-E2.1","shp_60p_red",1.35827980193375e-14,3.43163858221026e-14
"194","mmrbc","NorESM2","shp_60p_red",-9.05299085677384e-15,8.28485735818336e-14
"195","mmrso4","CAM-ATRAS","shp_60p_red",-9.96110630267937e-11,5.87013946854192e-12
"196","mmrso4","CESM1","shp_60p_red",-8.22935384031081e-11,3.67542174771025e-12
"197","mmrso4","GFDL-ESM4","shp_60p_red",-7.70325876379406e-11,5.35855772068965e-12
"198","mmrso4","GISS-E2.1","shp_60p_red",-6.57456657674736e-11,3.71285386955651e-12
"199","mmrso4","NorESM2","shp_60p_red",-4.07241216405682e-11,4.33766827860347e-12
"200","od550aer","CAM-ATRAS","shp_60p_red",-0.00116650282915532,0.000114046165410862
"201","od550aer","CESM1","shp_60p_red",-0.0019380894014366,0.000280726882804578
"202","od550aer","E3SM","shp_60p_red",-0.00178558434142416,0.000203188939244582
"203","od550aer","GFDL-ESM4","shp_60p_red",-0.00159619916017067,0.000346136595858535
"204","od550aer","GISS-E2.1","shp_60p_red",-0.00383909658444939,0.000279422371133991
"205","rlut","CAM-ATRAS","shp_60p_red",-0.0195803647374021,0.015477289832952
"206","rlut","CESM1","shp_60p_red",-0.178384666940531,0.0986747024369014
"207","rlut","E3SM","shp_60p_red",-0.0179096959761921,0.0213090508161358
"208","rlut","GFDL-ESM4","shp_60p_red",0.0528718411802856,0.0449062150630956
"209","rlut","GISS-E2.1","shp_60p_red",-0.0220987350478879,0.0138571892080507
"210","rlut","NorESM2","shp_60p_red",0.0298487132973719,0.0784485128429078
"211","rlutcs","CAM-ATRAS","shp_60p_red",-0.00148518641547071,0.00502625367146351
"212","rlutcs","CESM1","shp_60p_red",-0.024642996637715,0.0271714817521246
"213","rlutcs","E3SM","shp_60p_red",-0.0011755126237631,0.00794282808061492
"214","rlutcs","GFDL-ESM4","shp_60p_red",0.0154998668022131,0.00853213898856359
"215","rlutcs","GISS-E2.1","shp_60p_red",-0.00404115189700178,0.00728416292400606
"216","rlutcs","NorESM2","shp_60p_red",0.000265613143801602,0.0142616920921188
"217","rsdt","CAM-ATRAS","shp_60p_red",-4.07839024774148e-09,3.65101313643646e-07
"218","rsdt","CESM1","shp_60p_red",0,0
"219","rsdt","E3SM","shp_60p_red",0,0
"220","rsdt","GFDL-ESM4","shp_60p_red",0,0
"221","rsdt","NorESM2","shp_60p_red",-1.62743356213468e-07,2.20974807004851e-07
"222","rsut","CAM-ATRAS","shp_60p_red",0.336208123597154,0.0601155925473881
"223","rsut","CESM1","shp_60p_red",0.443065283524089,0.101677446643597
"224","rsut","E3SM","shp_60p_red",0.16056485534063,0.0664466378822125
"225","rsut","GFDL-ESM4","shp_60p_red",0.0881309375611181,0.0711481760223047
"226","rsut","GISS-E2.1","shp_60p_red",0.164484359124145,0.0771677054918024
"227","rsut","NorESM2","shp_60p_red",0.0842671131850494,0.0444943552767412
"228","rsutcs","CAM-ATRAS","shp_60p_red",0.0398763776771546,0.00359500706553977
"229","rsutcs","CESM1","shp_60p_red",0.0620529676716984,0.00761003443315055
"230","rsutcs","E3SM","shp_60p_red",0.0573095360184709,0.00449903527982168
"231","rsutcs","GFDL-ESM4","shp_60p_red",0.0406502132105715,0.00839043670466115
"232","rsutcs","GISS-E2.1","shp_60p_red",0.120377786052356,0.010385315607037
"233","rsutcs","NorESM2","shp_60p_red",0.0294762823494352,0.00758451682175798
"234","so2","CAM-ATRAS","shp_60p_red",-6.19682954593797e-11,2.4938959763356e-12
"235","so2","CESM1","shp_60p_red",-7.062812433821e-11,2.98561438242585e-12
"236","so2","GFDL-ESM4","shp_60p_red",-5.22119558208404e-11,3.30136518334788e-12
"237","so2","GISS-E2.1","shp_60p_red",-3.49261135088908e-11,1.22321071025201e-12
"238","so2","NorESM2","shp_60p_red",-4.10241266640591e-11,3.58245958189324e-12
"239","srfdms","E3SM","shp_60p_red",1.14051560665292e-13,1.18046714068229e-13
"240","wetbc","CAM-ATRAS","shp_60p_red",1.29817645527471e-16,5.67814212358506e-16
"241","wetbc","CESM1","shp_60p_red",-4.11993378223447e-16,3.91878709547685e-16
"242","wetbc","E3SM","shp_60p_red",-3.22032662524647e-16,3.16850822421729e-16
"243","wetbc","GFDL-ESM4","shp_60p_red",-3.66075351724904e-16,5.75870613949725e-16
"244","wetbc","GISS-E2.1","shp_60p_red",6.24047668412383e-17,2.45218759414264e-16
"245","wetbc","NorESM2","shp_60p_red",4.15265221413213e-17,9.31166875890685e-16
"246","wetso2","CAM-ATRAS","shp_60p_red",-1.12507004359114e-13,5.97336338703286e-15
"247","wetso2","GFDL-ESM4","shp_60p_red",-1.74004473034716e-13,1.22844001469143e-14
"248","wetso2","NorESM2","shp_60p_red",-1.53639701853931e-13,1.32164501104753e-14
"249","wetso4","CAM-ATRAS","shp_60p_red",-7.18463565496149e-13,4.12897294148456e-14
"250","wetso4","CESM1","shp_60p_red",-6.26865433354527e-13,3.21849762095333e-14
"251","wetso4","E3SM","shp_60p_red",-3.85575368940088e-13,2.16048285019364e-14
"252","wetso4","GISS-E2.1","shp_60p_red",-5.6078401109544e-13,2.95534682825457e-14
"253","wetso4","NorESM2","shp_60p_red",-2.63096035497881e-13,2.91416475264081e-14
"254","cl","CAM-ATRAS","shp_60p_red_1950",0.00311488443359433,0.00819263981671899
"255","cl","CESM1","shp_60p_red_1950",0.0208144220259922,0.0142874406442885
"256","cl","GISS-E2.1","shp_60p_red_1950",-0.00728566837292082,0.00650259139893397
"257","clivi","CAM-ATRAS","shp_60p_red_1950",1.16038411520324e-07,6.8728284876216e-06
"258","clivi","E3SM","shp_60p_red_1950",-1.46222050156051e-05,1.86410500260965e-05
"259","clivi","GFDL-ESM4","shp_60p_red_1950",5.00824799326588e-05,0.000163051536310941
"260","clivi","GISS-E2.1","shp_60p_red_1950",7.82978289009972e-05,0.000562717124095868
"261","clivi","NorESM2","shp_60p_red_1950",1.34405549810809e-05,5.25593400917518e-05
"262","clt","CAM-ATRAS","shp_60p_red_1950",0.00517648878073516,0.041198551478411
"263","clt","CESM1","shp_60p_red_1950",0.0939907471062597,0.120430619130764
"264","clt","E3SM","shp_60p_red_1950",-0.0162896397100894,0.0352276229864359
"265","clt","GISS-E2.1","shp_60p_red_1950",-0.0155555971072758,0.0113533767060907
"266","clt","NorESM2","shp_60p_red_1950",0.0287096876226556,0.0845494325580857
"267","cltc","E3SM","shp_60p_red_1950",0,0
"268","cltc","GFDL-ESM4","shp_60p_red_1950",0.000468423421339281,0.00102690810601284
"269","cltc","GISS-E2.1","shp_60p_red_1950",0.00288019452918906,0.0113718022005562
"270","dms","CAM-ATRAS","shp_60p_red_1950",-1.27935620865792e-13,4.69217837427361e-14
"271","dms","GISS-E2.1","shp_60p_red_1950",-8.3203964286263e-15,5.97218423408901e-14
"272","dms","NorESM2","shp_60p_red_1950",5.31986261627791e-14,2.27335570004177e-14
"273","drybc","CAM-ATRAS","shp_60p_red_1950",-5.345420289943e-18,3.02003494030178e-17
"274","drybc","E3SM","shp_60p_red_1950",7.61205902293164e-17,6.92365237636883e-17
"275","drybc","GFDL-ESM4","shp_60p_red_1950",3.25068153281014e-18,1.0176276138238e-16
"276","drybc","GISS-E2.1","shp_60p_red_1950",-7.39658718716205e-18,8.43683913870992e-17
"277","drybc","NorESM2","shp_60p_red_1950",-9.14405410836792e-18,7.8355486232414e-17
"278","dryso2","CAM-ATRAS","shp_60p_red_1950",-1.76895290899547e-13,6.48530129485028e-15
"279","dryso2","E3SM","shp_60p_red_1950",-2.66393853418507e-13,1.03938842013188e-14
"280","dryso2","GFDL-ESM4","shp_60p_red_1950",-2.56661808391286e-13,1.7488815459051e-14
"281","dryso2","GISS-E2.1","shp_60p_red_1950",-3.67611055562869e-13,2.562042207685e-15
"282","dryso2","NorESM2","shp_60p_red_1950",-3.91104463126671e-13,2.84178823669035e-14
"283","dryso4","CAM-ATRAS","shp_60p_red_1950",-6.19877984764598e-14,3.31746129420717e-15
"284","dryso4","E3SM","shp_60p_red_1950",-5.01942751628726e-14,2.12245265202788e-15
"285","dryso4","GISS-E2.1","shp_60p_red_1950",-3.00918282200273e-14,1.8025305607691e-15
"286","dryso4","NorESM2","shp_60p_red_1950",-2.92271901891624e-14,2.36391154838111e-15
"287","emibc","CAM-ATRAS","shp_60p_red_1950",-1.5394279499798e-21,4.04205855462116e-21
"288","emibc","CESM1","shp_60p_red_1950",-7.86391850104849e-21,6.42163043605199e-21
"289","emibc","E3SM","shp_60p_red_1950",-1.90332660526931e-21,6.34298855186951e-21
"290","emibc","GFDL-ESM4","shp_60p_red_1950",1.13218641393898e-20,1.13800832529142e-20
"291","emibc","GISS-E2.1","shp_60p_red_1950",0,0
"292","emibc","NorESM2","shp_60p_red_1950",4.53265592188062e-25,1.54748661459261e-21
"293","emiso2","CAM-ATRAS","shp_60p_red_1950",-5.13138436628679e-13,1.74569271978288e-14
"294","emiso2","E3SM","shp_60p_red_1950",-5.4255707820014e-13,1.84775199597427e-14
"295","emiso2","GFDL-ESM4","shp_60p_red_1950",-5.70973085783819e-13,4.19694532933514e-14
"296","emiso2","GISS-E2.1","shp_60p_red_1950",-4.82337792252491e-13,0
"297","emiso2","NorESM2","shp_60p_red_1950",-5.38891762631306e-13,3.94595798116973e-14
"298","loadbc","CAM-ATRAS","shp_60p_red_1950",-3.39257096490852e-10,1.48195666669665e-10
"299","loadbc","CESM1","shp_60p_red_1950",-5.40317926413555e-11,3.4690887673428e-10
"300","loadbc","E3SM","shp_60p_red_1950",6.95777769598658e-11,2.00807291440458e-10
"301","loadbc","NorESM2","shp_60p_red_1950",6.62401044426913e-11,2.67416341899109e-10
"302","loadso2","CAM-ATRAS","shp_60p_red_1950",-2.78277093320865e-08,6.14568189875565e-10
"303","loadso2","CESM1","shp_60p_red_1950",-4.22261434307815e-08,3.22070843590442e-09
"304","loadso2","E3SM","shp_60p_red_1950",-3.33190140923184e-08,1.1146748362535e-09
"305","loadso2","GISS-E2.1","shp_60p_red_1950",-3.38057427750743e-08,9.18942676775115e-10
"306","loadso2","NorESM2","shp_60p_red_1950",-1.30299452725894e-08,1.09043870124708e-09
"307","loadso4","CAM-ATRAS","shp_60p_red_1950",-7.55661098379806e-08,5.48652670701381e-09
"308","loadso4","CESM1","shp_60p_red_1950",-9.70996934360111e-08,1.33291431679802e-08
"309","loadso4","E3SM","shp_60p_red_1950",-6.68273885727574e-08,2.73499445176445e-09
"310","loadso4","GFDL-ESM4","shp_60p_red_1950",-7.12535371109521e-08,7.58008648558371e-09
"311","loadso4","GISS-E2.1","shp_60p_red_1950",-4.71334865041404e-08,4.66872405744533e-10
"312","loadso4","NorESM2","shp_60p_red_1950",-3.8047954498732e-08,3.62747347533028e-09
"313","mmrbc","CAM-ATRAS","shp_60p_red_1950",-8.08910124300068e-14,7.62360029644704e-14
"314","mmrbc","CESM1","shp_60p_red_1950",-2.84048725654954e-14,3.33024177620828e-14
"315","mmrbc","GISS-E2.1","shp_60p_red_1950",-6.79081249324228e-15,7.61376226969538e-14
"316","mmrbc","NorESM2","shp_60p_red_1950",-3.07894334577816e-14,8.4003598878144e-14
"317","mmrso4","CAM-ATRAS","shp_60p_red_1950",-4.15657158185521e-11,2.96613507410878e-12
"318","mmrso4","CESM1","shp_60p_red_1950",-3.53566570975291e-11,1.27843237690708e-12
"319","mmrso4","E3SM","shp_60p_red_1950",-2.57562755220999e-11,9.87426293683106e-13
"320","mmrso4","GISS-E2.1","shp_60p_red_1950",-2.58046192125223e-11,1.46684981849552e-12
"321","mmrso4","NorESM2","shp_60p_red_1950",-1.75316381244554e-11,1.27728763565609e-12
"322","od550aer","CAM-ATRAS","shp_60p_red_1950",-0.000590803566825254,7.75557977842375e-05
"323","od550aer","E3SM","shp_60p_red_1950",-0.000626100684963493,0.000115925897810233
"324","od550aer","GFDL-ESM4","shp_60p_red_1950",-0.000807390267603558,0.000661081301101065
"325","od550aer","GISS-E2.1","shp_60p_red_1950",-0.00146698922328988,0.000100889562242809
"326","rlut","CAM-ATRAS","shp_60p_red_1950",-0.00454286852551036,0.014481604429809
"327","rlut","E3SM","shp_60p_red_1950",-0.0366909147295189,0.0393931488685219
"328","rlut","GFDL-ESM4","shp_60p_red_1950",0.016781493111057,0.0778395624965894
"329","rlut","GISS-E2.1","shp_60p_red_1950",0.0079231631627465,0.0119516757329055
"330","rlut","NorESM2","shp_60p_red_1950",0.0367438652625651,0.0968407613549284
"331","rlutcs","CAM-ATRAS","shp_60p_red_1950",-0.000316488588407537,0.00431155427976937
"332","rlutcs","E3SM","shp_60p_red_1950",-0.00133762897015686,0.012955010229261
"333","rlutcs","GFDL-ESM4","shp_60p_red_1950",-0.000803360267389053,0.0204454603890683
"334","rlutcs","GISS-E2.1","shp_60p_red_1950",-0.00123282192961369,0.00815519366198122
"335","rlutcs","NorESM2","shp_60p_red_1950",-0.0042389660492745,0.0238323462339766
"336","rsdt","CAM-ATRAS","shp_60p_red_1950",3.30716829921585e-07,3.03076999501325e-07
"337","rsdt","CESM1","shp_60p_red_1950",0,0
"338","rsdt","E3SM","shp_60p_red_1950",0,0
"339","rsdt","GFDL-ESM4","shp_60p_red_1950",0,0
"340","rsdt","GISS-E2.1","shp_60p_red_1950",0,0
"341","rsdt","NorESM2","shp_60p_red_1950",1.05703634289966e-07,2.63832596738399e-07
"342","rsut","CAM-ATRAS","shp_60p_red_1950",0.138651933879765,0.0448953396709302
"343","rsut","E3SM","shp_60p_red_1950",0.101429070511969,0.048614612765043
"344","rsut","GFDL-ESM4","shp_60p_red_1950",0.0497394117722052,0.0461016361678039
"345","rsut","GISS-E2.1","shp_60p_red_1950",0.0561256408220061,0.0443015489675916
"346","rsut","NorESM2","shp_60p_red_1950",0.0379700754966365,0.100402862178695
"347","rsutcs","CAM-ATRAS","shp_60p_red_1950",0.020715846646506,0.00147525925758385
"348","rsutcs","E3SM","shp_60p_red_1950",0.021356038802297,0.00253447146122409
"349","rsutcs","GFDL-ESM4","shp_60p_red_1950",0.0195811167079924,0.0174830412500705
"350","rsutcs","GISS-E2.1","shp_60p_red_1950",0.0470763511541449,0.00338111592318282
"351","rsutcs","NorESM2","shp_60p_red_1950",0.0140061380813748,0.00426126271490589
"352","so2","CAM-ATRAS","shp_60p_red_1950",-2.54851388854472e-11,1.08845224838194e-12
"353","so2","CESM1","shp_60p_red_1950",-3.02278826633271e-11,1.53877538555595e-12
"354","so2","GISS-E2.1","shp_60p_red_1950",-1.53745241133823e-11,2.86628178159792e-13
"355","so2","NorESM2","shp_60p_red_1950",-1.7100602536546e-11,1.33459505591733e-12
"356","srfdms","E3SM","shp_60p_red_1950",2.41385327841084e-13,1.11823051716112e-13
"357","wetbc","CAM-ATRAS","shp_60p_red_1950",-1.40868417009169e-16,6.49821879841669e-16
"358","wetbc","E3SM","shp_60p_red_1950",-5.90203243226765e-17,3.17562963394147e-16
"359","wetbc","GFDL-ESM4","shp_60p_red_1950",3.52971088766577e-16,1.27656215379973e-15
"360","wetbc","GISS-E2.1","shp_60p_red_1950",-1.39751950783987e-16,2.66597535274941e-16
"361","wetbc","NorESM2","shp_60p_red_1950",9.59163622193032e-18,7.40073730606656e-16
"362","wetso2","CAM-ATRAS","shp_60p_red_1950",-4.42426049558136e-14,2.21815358526271e-15
"363","wetso2","GFDL-ESM4","shp_60p_red_1950",-6.27191252205793e-14,3.09748002415786e-15
"364","wetso2","NorESM2","shp_60p_red_1950",-6.56598594341177e-14,4.40121535640126e-15
"365","wetso4","CAM-ATRAS","shp_60p_red_1950",-3.07093742060703e-13,1.49477125689764e-14
"366","wetso4","E3SM","shp_60p_red_1950",-1.57327030419189e-13,8.98180976250068e-15
"367","wetso4","GISS-E2.1","shp_60p_red_1950",-2.2070127554164e-13,1.17035499276633e-14
"368","wetso4","NorESM2","shp_60p_red_1950",-1.11357911532365e-13,1.27235882807444e-14
"369","cl","CAM-ATRAS","shp_atl_shift",-0.00897558618624199,0.00495077877860467
"370","cl","CESM1","shp_atl_shift",-0.000878703638449974,0.00844046709423682
"371","cl","GISS-E2.1","shp_atl_shift",-0.00252481391985029,0.02395847190165
"372","clivi","CAM-ATRAS","shp_atl_shift",4.43614546270839e-06,7.69054494608434e-06
"373","clivi","CESM1","shp_atl_shift",5.90482378749113e-05,4.02062675504206e-05
"374","clivi","E3SM","shp_atl_shift",1.67191341248648e-05,1.09164789347147e-05
"375","clivi","GFDL-ESM4","shp_atl_shift",5.55142078277726e-05,9.58272152631934e-05
"376","clivi","GISS-E2.1","shp_atl_shift",0.000101195762669093,0.000611343111663987
"377","clivi","NorESM2","shp_atl_shift",1.94343923286346e-05,5.53922983807057e-05
"378","clt","CAM-ATRAS","shp_atl_shift",0.0143661205512004,0.0349100370949432
"379","clt","CESM1","shp_atl_shift",-0.0453160832903976,0.0788774120758245
"380","clt","E3SM","shp_atl_shift",0.0190611037056001,0.0645033851745484
"381","clt","GISS-E2.1","shp_atl_shift",-0.0102809329474155,0.029652855800222
"382","clt","NorESM2","shp_atl_shift",-0.0317804118329789,0.101864863798948
"383","cltc","E3SM","shp_atl_shift",0,0
"384","cltc","GFDL-ESM4","shp_atl_shift",0.000547696547460408,0.0021169288170326
"385","cltc","GISS-E2.1","shp_atl_shift",0.00265092153350022,0.00511547865158993
"386","dms","CAM-ATRAS","shp_atl_shift",1.19828610129048e-13,1.05195811257292e-13
"387","dms","CESM1","shp_atl_shift",0,0
"388","dms","GFDL-ESM4","shp_atl_shift",1.36255968331764e-13,1.37524117422856e-13
"389","dms","GISS-E2.1","shp_atl_shift",9.48623009719416e-14,5.30259547787143e-14
"390","dms","NorESM2","shp_atl_shift",-2.05477318717303e-14,4.3208517289671e-14
"391","drybc","CAM-ATRAS","shp_atl_shift",2.86685868095018e-18,3.9772275139434e-17
"392","drybc","CESM1","shp_atl_shift",-1.46309127381754e-16,1.00742575859778e-16
"393","drybc","E3SM","shp_atl_shift",-1.21846760422938e-16,9.43881898087283e-17
"394","drybc","GFDL-ESM4","shp_atl_shift",1.65563093349115e-17,1.59356704467307e-16
"395","drybc","GISS-E2.1","shp_atl_shift",-1.76207736985677e-17,3.16454004156159e-17
"396","drybc","NorESM2","shp_atl_shift",-2.55610607121374e-17,1.15451265782571e-16
"397","dryso2","CAM-ATRAS","shp_atl_shift",2.97064896392862e-13,1.11918552659992e-14
"398","dryso2","E3SM","shp_atl_shift",4.77067437470387e-13,1.99719761638053e-14
"399","dryso2","GFDL-ESM4","shp_atl_shift",4.1882964380711e-13,1.68692524076359e-14
"400","dryso2","GISS-E2.1","shp_atl_shift",6.18990524736115e-13,2.48772264803683e-14
"401","dryso2","NorESM2","shp_atl_shift",7.08894636603702e-13,5.76064943077949e-14
"402","dryso4","CAM-ATRAS","shp_atl_shift",1.0891492130505e-13,6.77598999487061e-15
"403","dryso4","CESM1","shp_atl_shift",9.47849868142663e-14,3.6305950588207e-15
"404","dryso4","E3SM","shp_atl_shift",8.23579277494418e-14,3.9599933170976e-15
"405","dryso4","GISS-E2.1","shp_atl_shift",5.7779501506429e-14,2.90727447814535e-15
"406","dryso4","NorESM2","shp_atl_shift",4.81288943476023e-14,4.2581047153064e-15
"407","emibc","CAM-ATRAS","shp_atl_shift",5.33562317469992e-22,1.39462982647048e-21
"408","emibc","CESM1","shp_atl_shift",-4.99786486817372e-22,3.56409057529671e-21
"409","emibc","E3SM","shp_atl_shift",1.03930761672246e-20,3.44185462793505e-21
"410","emibc","GFDL-ESM4","shp_atl_shift",1.06232495351444e-20,1.50339540805408e-20
"411","emibc","GISS-E2.1","shp_atl_shift",0,0
"412","emibc","NorESM2","shp_atl_shift",1.79887524179726e-23,9.95774525646871e-22
"413","emiso2","CAM-ATRAS","shp_atl_shift",9.24083066942995e-13,3.67541999345928e-14
"414","emiso2","CESM1","shp_atl_shift",9.07356496409754e-13,3.61159553146271e-14
"415","emiso2","E3SM","shp_atl_shift",9.56312567045236e-13,3.80648599365698e-14
"416","emiso2","GFDL-ESM4","shp_atl_shift",9.88278052301328e-13,3.95604502207053e-14
"417","emiso2","GISS-E2.1","shp_atl_shift",8.71951822146837e-13,3.44743942515794e-14
"418","emiso2","NorESM2","shp_atl_shift",9.76152439325775e-13,8.18888236083577e-14
"419","loadbc","CAM-ATRAS","shp_atl_shift",-1.06574956670197e-10,1.90298284299879e-10
"420","loadbc","NorESM2","shp_atl_shift",1.12941724658682e-10,4.36038623962668e-10
"421","loadso2","CAM-ATRAS","shp_atl_shift",4.24857050744385e-08,1.99794085785309e-09
"422","loadso2","CESM1","shp_atl_shift",7.18805897667453e-08,4.16583993003621e-09
"423","loadso2","GFDL-ESM4","shp_atl_shift",4.8374993857205e-08,1.96402714894025e-09
"424","loadso2","GISS-E2.1","shp_atl_shift",3.56437607621244e-08,1.31059786758694e-09
"425","loadso2","NorESM2","shp_atl_shift",2.30925804827132e-08,1.58878693969335e-09
"426","loadso4","CAM-ATRAS","shp_atl_shift",1.3173046371775e-07,7.22225551556771e-09
"427","loadso4","CESM1","shp_atl_shift",1.36603851012546e-07,1.52485249535409e-08
"428","loadso4","GFDL-ESM4","shp_atl_shift",1.20319731342333e-07,6.2759150923409e-09
"429","loadso4","GISS-E2.1","shp_atl_shift",6.25248912830556e-08,4.42414794634449e-09
"430","loadso4","NorESM2","shp_atl_shift",5.15464926101331e-08,8.58008067703651e-09
"431","mmrbc","CAM-ATRAS","shp_atl_shift",1.94188844625776e-14,4.40435504726012e-14
"432","mmrbc","CESM1","shp_atl_shift",1.47179062915009e-14,8.6584698998666e-14
"433","mmrbc","GISS-E2.1","shp_atl_shift",-1.91323891464058e-14,3.06069923508257e-14
"434","mmrbc","NorESM2","shp_atl_shift",-4.06487396854862e-15,1.05680661271964e-13
"435","mmrso4","CAM-ATRAS","shp_atl_shift",7.42376659046189e-11,3.93426968490437e-12
"436","mmrso4","CESM1","shp_atl_shift",6.0668926607345e-11,3.66996730894569e-12
"437","mmrso4","GISS-E2.1","shp_atl_shift",4.9671823538071e-11,2.44894687255511e-12
"438","mmrso4","NorESM2","shp_atl_shift",2.89302529748317e-11,2.18738306004676e-12
"439","od550aer","CAM-ATRAS","shp_atl_shift",0.000758618993331722,8.18523595536359e-05
"440","od550aer","CESM1","shp_atl_shift",0.00140085394439874,0.000282975295372731
"441","od550aer","E3SM","shp_atl_shift",0.00103127775668886,0.000192418697933073
"442","od550aer","GFDL-ESM4","shp_atl_shift",0.0027234171301588,0.000440587029321046
"443","od550aer","GISS-E2.1","shp_atl_shift",0.00244902363930832,0.000219346582427026
"444","rlut","CAM-ATRAS","shp_atl_shift",0.0300288825077416,0.00943398589670322
"445","rlut","CESM1","shp_atl_shift",0.0642171544644611,0.131684432999486
"446","rlut","E3SM","shp_atl_shift",0.0400604464683227,0.0455120041222789
"447","rlut","GFDL-ESM4","shp_atl_shift",0.0146822044649696,0.0797177169466703
"448","rlut","GISS-E2.1","shp_atl_shift",-0.00448884743991584,0.0120466768182049
"449","rlut","NorESM2","shp_atl_shift",-0.0101625970815235,0.109785298753834
"450","rlutcs","CAM-ATRAS","shp_atl_shift",0.00575103135847712,0.00366247798699106
"451","rlutcs","CESM1","shp_atl_shift",-0.0108941729120943,0.036842456144759
"452","rlutcs","E3SM","shp_atl_shift",0.0116992219880331,0.0138350572947087
"453","rlutcs","GFDL-ESM4","shp_atl_shift",0.0126940255232398,0.0232132809182932
"454","rlutcs","GISS-E2.1","shp_atl_shift",0.00119988595910172,0.00501515920010738
"455","rlutcs","NorESM2","shp_atl_shift",-0.012920735303328,0.0201309117744341
"456","rsdt","CAM-ATRAS","shp_atl_shift",-2.31997262289951e-07,2.38350215519906e-07
"457","rsdt","CESM1","shp_atl_shift",0,0
"458","rsdt","E3SM","shp_atl_shift",0,0
"459","rsdt","GFDL-ESM4","shp_atl_shift",0,0
"460","rsdt","GISS-E2.1","shp_atl_shift",0,0
"461","rsdt","NorESM2","shp_atl_shift",-1.95120787793712e-07,2.60471801127341e-07
"462","rsut","CAM-ATRAS","shp_atl_shift",-0.269082774496599,0.0689656728691193
"463","rsut","CESM1","shp_atl_shift",-0.150295772705891,0.142915084158211
"464","rsut","E3SM","shp_atl_shift",-0.0884418445302316,0.0660853245306421
"465","rsut","GFDL-ESM4","shp_atl_shift",-0.1390224588,0.0514731993493814
"466","rsut","GISS-E2.1","shp_atl_shift",-0.136192434071106,0.0266976205008108
"467","rsut","NorESM2","shp_atl_shift",-0.119597269339795,0.0388392882693398
"468","rsutcs","CAM-ATRAS","shp_atl_shift",-0.0274213339742346,0.00290212211458717
"469","rsutcs","CESM1","shp_atl_shift",-0.0424843757179687,0.00938061826519799
"470","rsutcs","E3SM","shp_atl_shift",-0.0314151356414698,0.00554461431899143
"471","rsutcs","GFDL-ESM4","shp_atl_shift",-0.0765017926322002,0.0119216039304768
"472","rsutcs","GISS-E2.1","shp_atl_shift",-0.0728126147258067,0.00952258460923179
"473","rsutcs","NorESM2","shp_atl_shift",-0.0216198523463518,0.00866205725441246
"474","so2","CAM-ATRAS","shp_atl_shift",4.39940948788883e-11,1.8906571313717e-12
"475","so2","CESM1","shp_atl_shift",5.34226542057713e-11,2.55466494148108e-12
"476","so2","GISS-E2.1","shp_atl_shift",2.50356644587143e-11,9.8212922315275e-13
"477","so2","NorESM2","shp_atl_shift",3.10046112462475e-11,2.73621704418661e-12
"478","srfdms","E3SM","shp_atl_shift",-1.09304065813955e-13,2.43330815936402e-14
"479","wetbc","CAM-ATRAS","shp_atl_shift",-3.35616750169349e-16,8.05426775972774e-16
"480","wetbc","CESM1","shp_atl_shift",1.98775391496212e-16,6.96839744571826e-16
"481","wetbc","GFDL-ESM4","shp_atl_shift",3.36170974220627e-16,7.9650538698859e-16
"482","wetbc","GISS-E2.1","shp_atl_shift",-5.02387933173659e-17,9.16669539196716e-17
"483","wetbc","NorESM2","shp_atl_shift",3.35079521999712e-16,9.92529995906808e-16
"484","wetso2","CAM-ATRAS","shp_atl_shift",6.77153606120762e-14,4.21310898390864e-15
"485","wetso2","GFDL-ESM4","shp_atl_shift",9.11921149839089e-14,3.69248601354242e-15
"486","wetso2","NorESM2","shp_atl_shift",1.14522251149768e-13,9.52383948978438e-15
"487","wetso4","CAM-ATRAS","shp_atl_shift",5.21209691144884e-13,1.94118993984797e-14
"488","wetso4","GISS-E2.1","shp_atl_shift",4.0170248985668e-13,1.767089813651e-14
"489","wetso4","NorESM2","shp_atl_shift",1.81288369168795e-13,1.17501765485705e-14
"490","cl","CAM-ATRAS","shp_ind_shift",-0.00521288523591776,0.0119861269459119
"491","cl","CESM1","shp_ind_shift",-0.000878703638449974,0.00844046709423682
"492","cl","GISS-E2.1","shp_ind_shift",-0.00991677022842765,0.0196160256009103
"493","clivi","CAM-ATRAS","shp_ind_shift",3.07349006790202e-06,6.34639268168501e-06
"494","clivi","CESM1","shp_ind_shift",-3.18887413814049e-05,2.97641853758073e-05
"495","clivi","E3SM","shp_ind_shift",1.54645652595386e-05,4.45233845016282e-06
"496","clivi","GFDL-ESM4","shp_ind_shift",4.58324845166822e-05,7.63209603660076e-05
"497","clivi","GISS-E2.1","shp_ind_shift",0.000168547766926266,0.000506719345088943
"498","clivi","NorESM2","shp_ind_shift",-2.67744393717684e-06,3.89585633889565e-05
"499","clt","CAM-ATRAS","shp_ind_shift",-0.00248183145241114,0.0425706286646147
"500","clt","CESM1","shp_ind_shift",-0.0663237801286428,0.0868600302298501
"501","clt","E3SM","shp_ind_shift",0.0242626820029614,0.042487188640305
"502","clt","GISS-E2.1","shp_ind_shift",-0.00713149751336317,0.0243386501381823
"503","clt","NorESM2","shp_ind_shift",-0.0312247941938494,0.0981485401632089
"504","cltc","E3SM","shp_ind_shift",0,0
"505","cltc","GFDL-ESM4","shp_ind_shift",0.000598322537634921,0.00270293286299879
"506","cltc","GISS-E2.1","shp_ind_shift",-0.00426914118118429,0.0166565584127829
"507","dms","CAM-ATRAS","shp_ind_shift",-1.49460123386287e-13,1.30606117211362e-13
"508","dms","GFDL-ESM4","shp_ind_shift",-1.23042775175123e-13,2.50189444859484e-13
"509","dms","GISS-E2.1","shp_ind_shift",-4.9266566562103e-14,4.47377306237972e-14
"510","dms","NorESM2","shp_ind_shift",-2.46189669866552e-14,4.34757863187004e-14
"511","drybc","CAM-ATRAS","shp_ind_shift",1.3136274603128e-17,2.8722070011975e-17
"512","drybc","CESM1","shp_ind_shift",2.35385617469576e-17,6.28550905350827e-17
"513","drybc","E3SM","shp_ind_shift",2.18745750263838e-17,9.94665000405298e-17
"514","drybc","GFDL-ESM4","shp_ind_shift",2.25337334381896e-17,1.29365017778278e-16
"515","drybc","GISS-E2.1","shp_ind_shift",-1.98717802273155e-17,4.92406971353404e-17
"516","drybc","NorESM2","shp_ind_shift",-5.8611693490066e-17,1.34383369707858e-16
"517","dryso2","CAM-ATRAS","shp_ind_shift",-1.7964631889708e-13,5.8079085162879e-15
"518","dryso2","E3SM","shp_ind_shift",-2.38941834806816e-13,1.05173760447469e-14
"519","dryso2","GFDL-ESM4","shp_ind_shift",-2.68224894714082e-13,1.74836463560368e-14
"520","dryso2","GISS-E2.1","shp_ind_shift",-3.1921135327675e-13,1.27336913537918e-14
"521","dryso2","NorESM2","shp_ind_shift",-3.53168476976193e-13,2.98971093467265e-14
"522","dryso4","CAM-ATRAS","shp_ind_shift",-5.46767191274417e-14,3.61924873669377e-15
"523","dryso4","CESM1","shp_ind_shift",-4.6612784407645e-14,3.07727371031926e-15
"524","dryso4","E3SM","shp_ind_shift",-4.04115155097623e-14,1.41596328251737e-15
"525","dryso4","GISS-E2.1","shp_ind_shift",-2.97874367108565e-14,2.90867917547037e-15
"526","dryso4","NorESM2","shp_ind_shift",-2.45057363552427e-14,2.95606759299048e-15
"527","emibc","CAM-ATRAS","shp_ind_shift",1.41594687595844e-21,1.61931751539126e-21
"528","emibc","CESM1","shp_ind_shift",-4.05842348978003e-21,7.10804973223139e-21
"529","emibc","E3SM","shp_ind_shift",-3.05972465228327e-21,6.08220281988902e-21
"530","emibc","GFDL-ESM4","shp_ind_shift",-1.46030785428312e-21,2.12183280433515e-20
"531","emibc","GISS-E2.1","shp_ind_shift",0,0
"532","emibc","NorESM2","shp_ind_shift",-5.14497937430532e-22,5.32289328837846e-22
"533","emiso2","CAM-ATRAS","shp_ind_shift",-4.62090440274676e-13,1.83638038201011e-14
"534","emiso2","CESM1","shp_ind_shift",-4.53413504887838e-13,1.80474522916838e-14
"535","emiso2","E3SM","shp_ind_shift",-4.79440280626564e-13,1.90844992767579e-14
"536","emiso2","GFDL-ESM4","shp_ind_shift",-5.76945575663939e-13,3.67546807622476e-14
"537","emiso2","GISS-E2.1","shp_ind_shift",-4.36407850245055e-13,1.77947138148073e-14
"538","emiso2","NorESM2","shp_ind_shift",-4.88173516834676e-13,4.09525587897287e-14
"539","loadbc","CAM-ATRAS","shp_ind_shift",-1.6042374811166e-10,2.67382339133935e-10
"540","loadbc","NorESM2","shp_ind_shift",-1.79470717085353e-10,6.20454806599219e-10
"541","loadso2","CAM-ATRAS","shp_ind_shift",-2.87027258770871e-08,1.78350421423555e-09
"542","loadso2","CESM1","shp_ind_shift",-3.49155686848106e-08,1.46791825398755e-09
"543","loadso2","GFDL-ESM4","shp_ind_shift",-2.88993236715986e-08,1.30287625644065e-09
"544","loadso2","GISS-E2.1","shp_ind_shift",-2.42431158155853e-08,8.68744302792014e-10
"545","loadso2","NorESM2","shp_ind_shift",-1.14808706387143e-08,1.97403192186332e-09
"546","loadso4","CAM-ATRAS","shp_ind_shift",-5.26278252626971e-08,9.21455702321866e-09
"547","loadso4","CESM1","shp_ind_shift",-6.49572456626112e-08,1.2969225443674e-08
"548","loadso4","GFDL-ESM4","shp_ind_shift",-2.63482015878679e-08,2.31461903403033e-09
"549","loadso4","GISS-E2.1","shp_ind_shift",-3.26627265814973e-08,4.35637904671275e-09
"550","loadso4","NorESM2","shp_ind_shift",-2.2737874570751e-08,9.9540285874326e-09
"551","mmrbc","CAM-ATRAS","shp_ind_shift",-4.01711836778007e-14,9.74052813188797e-14
"552","mmrbc","CESM1","shp_ind_shift",-6.11104434658185e-14,4.96749217632465e-14
"553","mmrbc","GISS-E2.1","shp_ind_shift",-1.12131630361499e-14,3.88263690059766e-14
"554","mmrbc","NorESM2","shp_ind_shift",-5.34500331786121e-14,1.22613978460058e-13
"555","mmrso4","CAM-ATRAS","shp_ind_shift",-3.59151960566229e-11,3.91922370366887e-12
"556","mmrso4","CESM1","shp_ind_shift",-2.93899382675971e-11,2.04460189695392e-12
"557","mmrso4","GFDL-ESM4","shp_ind_shift",-2.46901856171474e-11,1.6841720724975e-12
"558","mmrso4","GISS-E2.1","shp_ind_shift",-2.56965074243974e-11,2.25098141833765e-12
"559","mmrso4","NorESM2","shp_ind_shift",-1.40669602296643e-11,2.09988346673744e-12
"560","od550aer","CAM-ATRAS","shp_ind_shift",-0.000384952132583316,0.000195669347130519
"561","od550aer","CESM1","shp_ind_shift",-0.000932783735661191,0.000393330120012349
"562","od550aer","E3SM","shp_ind_shift",-0.000447761019696963,0.000148202318032353
"563","od550aer","GFDL-ESM4","shp_ind_shift",0.000389530118454118,0.000789606835539517
"564","od550aer","GISS-E2.1","shp_ind_shift",-0.00145435377964843,0.000179605626776801
"565","rlut","CAM-ATRAS","shp_ind_shift",7.72736627027371e-05,0.0214847424473522
"566","rlut","CESM1","shp_ind_shift",-0.113601203646704,0.0796246019360971
"567","rlut","E3SM","shp_ind_shift",0.0353847656891503,0.0352855633517504
"568","rlut","GFDL-ESM4","shp_ind_shift",0.0414890569927877,0.0520337431480142
"569","rlut","GISS-E2.1","shp_ind_shift",-0.0126454553103031,0.00879415735775384
"570","rlut","NorESM2","shp_ind_shift",-0.0224067137275313,0.0849200447955433
"571","rlutcs","CAM-ATRAS","shp_ind_shift",0.00105742208318134,0.00792850171463814
"572","rlutcs","CESM1","shp_ind_shift",-0.0309137400982877,0.0236803090479725
"573","rlutcs","E3SM","shp_ind_shift",0.0169250809289679,0.0131370092150248
"574","rlutcs","GFDL-ESM4","shp_ind_shift",0.0180744410270336,0.0210910889036964
"575","rlutcs","GISS-E2.1","shp_ind_shift",-0.0010324636402629,0.00591464577521765
"576","rlutcs","NorESM2","shp_ind_shift",-0.00865812662083272,0.0262895277312537
"577","rsdt","CAM-ATRAS","shp_ind_shift",-6.2863068706065e-08,2.58198360514596e-07
"578","rsdt","CESM1","shp_ind_shift",0,0
"579","rsdt","E3SM","shp_ind_shift",0,0
"580","rsdt","GFDL-ESM4","shp_ind_shift",0,0
"581","rsdt","GISS-E2.1","shp_ind_shift",0,0
"582","rsdt","NorESM2","shp_ind_shift",-2.50587993377849e-07,1.9339880261992e-07
"583","rsut","CAM-ATRAS","shp_ind_shift",0.0995620416798857,0.0685600824270901
"584","rsut","CESM1","shp_ind_shift",0.202857981638192,0.0905711217522413
"585","rsut","E3SM","shp_ind_shift",0.0253082757678328,0.0605657351032355
"586","rsut","GFDL-ESM4","shp_ind_shift",0.0881309375611181,0.0711481760223047
"587","rsut","GISS-E2.1","shp_ind_shift",0.0325995520363676,0.0464089067695116
"588","rsut","NorESM2","shp_ind_shift",0.0547147076412813,0.0711344095192878
"589","rsutcs","CAM-ATRAS","shp_ind_shift",0.0125322719214424,0.00655199762697309
"590","rsutcs","CESM1","shp_ind_shift",0.0273188753867572,0.0103053498699198
"591","rsutcs","E3SM","shp_ind_shift",0.0155326054228624,0.00328062729101522
"592","rsutcs","GFDL-ESM4","shp_ind_shift",-0.0114702259269919,0.0199049644034748
"593","rsutcs","GISS-E2.1","shp_ind_shift",0.0450339194930962,0.00731401580505926
"594","rsutcs","NorESM2","shp_ind_shift",0.00995177414842061,0.00873640983154788
"595","so2","CAM-ATRAS","shp_ind_shift",-2.48744826442348e-11,8.73167396600739e-13
"596","so2","CESM1","shp_ind_shift",-2.65869782838863e-11,9.35965749825966e-13
"597","so2","GFDL-ESM4","shp_ind_shift",-2.00694335047186e-11,1.26329066945464e-12
"598","so2","GISS-E2.1","shp_ind_shift",-1.30765261406503e-11,6.02290327569058e-13
"599","so2","NorESM2","shp_ind_shift",-1.54962373571007e-11,1.40219513711389e-12
"600","wetbc","CAM-ATRAS","shp_ind_shift",5.77080354959896e-17,4.52238377686415e-16
"601","wetbc","CESM1","shp_ind_shift",-8.72015234289606e-16,1.09767927803936e-15
"602","wetbc","E3SM","shp_ind_shift",3.15054157372987e-16,3.77111318180772e-16
"603","wetbc","GFDL-ESM4","shp_ind_shift",-2.40920410528287e-16,6.02748665395116e-16
"604","wetbc","GISS-E2.1","shp_ind_shift",9.17042596025864e-17,1.98097581927663e-16
"605","wetbc","NorESM2","shp_ind_shift",-4.96937105492632e-16,7.70333339126061e-16
"606","wetso2","CAM-ATRAS","shp_ind_shift",-4.82352563749486e-14,3.48662817399364e-15
"607","wetso2","GFDL-ESM4","shp_ind_shift",-7.17648662144246e-14,5.68235916334442e-15
"608","wetso2","NorESM2","shp_ind_shift",-5.76656190650505e-14,5.01172162969157e-15
"609","wetso4","CAM-ATRAS","shp_ind_shift",-2.51733648081118e-13,2.30086487056746e-14
"610","wetso4","CESM1","shp_ind_shift",-2.2036071977765e-13,1.59730182897506e-14
"611","wetso4","E3SM","shp_ind_shift",-1.1660581381147e-13,6.02367629490491e-15
"612","wetso4","GISS-E2.1","shp_ind_shift",-2.0292865910739e-13,1.01275794311028e-14
"613","wetso4","NorESM2","shp_ind_shift",-8.55946533532104e-14,1.71487996390372e-14
"614","cl","CAM-ATRAS","shp_atl_shift_1950",0.00413050075455548,0.00966342225393188
"615","cl","CESM1","shp_atl_shift_1950",0.0245672827049495,0.00862626827154575
"616","cl","GISS-E2.1","shp_atl_shift_1950",0.00388115111783947,0.0320876395670636
"617","clivi","CAM-ATRAS","shp_atl_shift_1950",1.62734033447437e-06,6.78076278829347e-06
"618","clivi","CESM1","shp_atl_shift_1950",6.01494636754478e-05,1.47903599740676e-05
"619","clivi","E3SM","shp_atl_shift_1950",-1.6633447836898e-06,1.45624824561286e-05
"620","clivi","GFDL-ESM4","shp_atl_shift_1950",3.15631963576979e-05,2.91229288902627e-05
"621","clivi","GISS-E2.1","shp_atl_shift_1950",-5.91827944679935e-05,0.000593222362044195
"622","clivi","NorESM2","shp_atl_shift_1950",1.67012419704373e-05,7.13092898735293e-05
"623","clt","CAM-ATRAS","shp_atl_shift_1950",0.0264221080900398,0.051160398836491
"624","clt","CESM1","shp_atl_shift_1950",0.0190864728558495,0.0985258537733833
"625","clt","E3SM","shp_atl_shift_1950",-0.00556383937680778,0.0423886804143373
"626","clt","GISS-E2.1","shp_atl_shift_1950",0.00287087247876485,0.0462252736107462
"627","clt","NorESM2","shp_atl_shift_1950",0.0303790835005287,0.0879882467554056
"628","cltc","GFDL-ESM4","shp_atl_shift_1950",5.61789352005571e-05,0.000725993821148978
"629","cltc","GISS-E2.1","shp_atl_shift_1950",0.00834156291705046,0.0125064116941492
"630","dms","CAM-ATRAS","shp_atl_shift_1950",4.88212831963785e-14,1.53489055411067e-13
"631","dms","CESM1","shp_atl_shift_1950",0,0
"632","dms","GISS-E2.1","shp_atl_shift_1950",3.03426183280587e-14,1.31091505491248e-13
"633","dms","NorESM2","shp_atl_shift_1950",1.08231610914922e-14,4.02280829095275e-14
"634","drybc","CAM-ATRAS","shp_atl_shift_1950",9.46006243763552e-18,1.85887735371404e-17
"635","drybc","CESM1","shp_atl_shift_1950",-4.70459083405036e-17,6.43828821427734e-17
"636","drybc","E3SM","shp_atl_shift_1950",-5.69913579074897e-17,5.57921742720275e-17
"637","drybc","GFDL-ESM4","shp_atl_shift_1950",-1.97031937223503e-17,8.89506143806174e-17
"638","drybc","GISS-E2.1","shp_atl_shift_1950",-3.07544670438407e-18,5.20085323766406e-17
"639","drybc","NorESM2","shp_atl_shift_1950",-6.42139273468576e-18,5.07511154358507e-17
"640","dryso2","CAM-ATRAS","shp_atl_shift_1950",1.3410767819757e-13,5.51067403302089e-15
"641","dryso2","E3SM","shp_atl_shift_1950",2.01084188749407e-13,7.06498409161975e-15
"642","dryso2","GFDL-ESM4","shp_atl_shift_1950",1.50940674502408e-15,4.33051441214588e-16
"643","dryso2","GISS-E2.1","shp_atl_shift_1950",2.65741411152978e-13,2.58065295202081e-15
"644","dryso2","NorESM2","shp_atl_shift_1950",2.95882989285318e-13,2.04777702556666e-14
"645","dryso4","CAM-ATRAS","shp_atl_shift_1950",4.67681234637213e-14,2.67084421565308e-15
"646","dryso4","CESM1","shp_atl_shift_1950",3.99906596901065e-14,2.60470114058825e-15
"647","dryso4","E3SM","shp_atl_shift_1950",3.38663624389615e-14,1.17341485823246e-15
"648","dryso4","GISS-E2.1","shp_atl_shift_1950",2.37923106138381e-14,1.32651170885949e-15
"649","dryso4","NorESM2","shp_atl_shift_1950",2.0537487387777e-14,1.6960242799976e-15
"650","emibc","CAM-ATRAS","shp_atl_shift_1950",5.86623967097965e-22,3.4737298979026e-21
"651","emibc","CESM1","shp_atl_shift_1950",4.34979070905441e-21,1.05930021434576e-20
"652","emibc","E3SM","shp_atl_shift_1950",-8.28851998027557e-22,4.06594652463595e-21
"653","emibc","GFDL-ESM4","shp_atl_shift_1950",-1.10470484638896e-21,4.88579350825965e-21
"654","emibc","GISS-E2.1","shp_atl_shift_1950",0,0
"655","emibc","NorESM2","shp_atl_shift_1950",4.72957857545334e-22,1.04211020309569e-21
"656","emiso2","CAM-ATRAS","shp_atl_shift_1950",3.90447753857771e-13,1.32831309396001e-14
"657","emiso2","CESM1","shp_atl_shift_1950",3.8335352926731e-13,1.30559586636429e-14
"658","emiso2","E3SM","shp_atl_shift_1950",4.04037191017336e-13,1.37607441447852e-14
"659","emiso2","GFDL-ESM4","shp_atl_shift_1950",1.74963512095673e-16,1.2863611069718e-17
"660","emiso2","GISS-E2.1","shp_atl_shift_1950",3.66812647266211e-13,0
"661","emiso2","NorESM2","shp_atl_shift_1950",4.09557578516523e-13,2.99893792983107e-14
"662","loadbc","CAM-ATRAS","shp_atl_shift_1950",-1.48849530721084e-10,2.52080560142725e-10
"663","loadbc","E3SM","shp_atl_shift_1950",3.90419815588758e-11,2.71064659265539e-10
"664","loadbc","NorESM2","shp_atl_shift_1950",1.6695761847348e-10,3.70133833399001e-10
"665","loadso2","CAM-ATRAS","shp_atl_shift_1950",2.00186998519824e-08,1.01869062993253e-09
"666","loadso2","CESM1","shp_atl_shift_1950",-1.48901855926287e-08,2.84864293454245e-09
"667","loadso2","E3SM","shp_atl_shift_1950",2.50046796392042e-08,5.99942425946692e-10
"668","loadso2","GISS-E2.1","shp_atl_shift_1950",1.59257823746344e-08,7.06651446907898e-10
"669","loadso2","NorESM2","shp_atl_shift_1950",9.65697757172033e-09,9.4271872722928e-10
"670","loadso4","CAM-ATRAS","shp_atl_shift_1950",5.23642213787486e-08,6.1607041696033e-09
"671","loadso4","E3SM","shp_atl_shift_1950",3.88005910875187e-08,1.4945094705329e-09
"672","loadso4","GFDL-ESM4","shp_atl_shift_1950",3.75607874032694e-09,4.09434386225814e-09
"673","loadso4","GISS-E2.1","shp_atl_shift_1950",2.64271862643613e-08,3.34104447682427e-09
"674","loadso4","NorESM2","shp_atl_shift_1950",2.24669869970062e-08,3.91863161516617e-09
"675","mmrbc","CAM-ATRAS","shp_atl_shift_1950",-3.92830410451418e-15,4.97023628571285e-14
"676","mmrbc","CESM1","shp_atl_shift_1950",8.49127093209783e-15,6.29323631441066e-14
"677","mmrbc","GISS-E2.1","shp_atl_shift_1950",-4.67534534941409e-15,4.58213523119964e-14
"678","mmrbc","NorESM2","shp_atl_shift_1950",1.91620307414882e-14,5.22149253951858e-14
"679","mmrso4","CAM-ATRAS","shp_atl_shift_1950",3.20194589065713e-11,2.4206018974428e-12
"680","mmrso4","CESM1","shp_atl_shift_1950",-1.21607648329482e-11,1.30760303914859e-12
"681","mmrso4","GISS-E2.1","shp_atl_shift_1950",2.05882381757363e-11,1.24112494079319e-12
"682","mmrso4","NorESM2","shp_atl_shift_1950",1.19358258984964e-11,1.10980966047415e-12
"683","od550aer","CAM-ATRAS","shp_atl_shift_1950",0.000263713058855469,0.000169401897935231
"684","od550aer","CESM1","shp_atl_shift_1950",0.000330007875691501,0.000324730656294311
"685","od550aer","E3SM","shp_atl_shift_1950",0.000445997768992212,7.27536924091576e-05
"686","od550aer","GFDL-ESM4","shp_atl_shift_1950",5.19234833376653e-05,0.000137908959164542
"687","od550aer","GISS-E2.1","shp_atl_shift_1950",0.00106122862597204,0.000162869013471899
"688","rlut","CAM-ATRAS","shp_atl_shift_1950",0.0174967521202689,0.022490189906765
"689","rlut","CESM1","shp_atl_shift_1950",0.0980117197682205,0.0487675862047756
"690","rlut","E3SM","shp_atl_shift_1950",-0.000395340481230733,0.0218625917078406
"691","rlut","GFDL-ESM4","shp_atl_shift_1950",-0.0452341562276445,0.0196967942539736
"692","rlut","GISS-E2.1","shp_atl_shift_1950",0.00912245864578836,0.016715621997205
"693","rlut","NorESM2","shp_atl_shift_1950",0.0423705623634362,0.129747438639929
"694","rlutcs","CAM-ATRAS","shp_atl_shift_1950",0.0046826015760189,0.00606429260621399
"695","rlutcs","CESM1","shp_atl_shift_1950",0.00858225579504506,0.0188422024404513
"696","rlutcs","E3SM","shp_atl_shift_1950",-0.00455640979282634,0.0103334227449972
"697","rlutcs","GFDL-ESM4","shp_atl_shift_1950",-0.0371817216288548,0.0148748638955297
"698","rlutcs","GISS-E2.1","shp_atl_shift_1950",0.00137771122084587,0.0100928257039814
"699","rlutcs","NorESM2","shp_atl_shift_1950",0.0045465601781757,0.0252754017168087
"700","rsdt","CAM-ATRAS","shp_atl_shift_1950",2.49303195687389e-07,5.13436877140569e-07
"701","rsdt","CESM1","shp_atl_shift_1950",0,0
"702","rsdt","E3SM","shp_atl_shift_1950",0,0
"703","rsdt","GFDL-ESM4","shp_atl_shift_1950",0,0
"704","rsdt","GISS-E2.1","shp_atl_shift_1950",0,0
"705","rsdt","NorESM2","shp_atl_shift_1950",-2.84469479083782e-08,1.36878979244029e-07
"706","rsut","CAM-ATRAS","shp_atl_shift_1950",-0.137693844243813,0.0669577222002421
"707","rsut","CESM1","shp_atl_shift_1950",-0.151738934592578,0.0784094310873159
"708","rsut","E3SM","shp_atl_shift_1950",-0.0253003072287356,0.0370719929006892
"709","rsut","GFDL-ESM4","shp_atl_shift_1950",-0.00994002956251165,0.0182809559924323
"710","rsut","GISS-E2.1","shp_atl_shift_1950",-0.0667199619691388,0.0605380081117549
"711","rsut","NorESM2","shp_atl_shift_1950",-0.0518148068139851,0.122636510044294
"712","rsutcs","CAM-ATRAS","shp_atl_shift_1950",-0.00979841043395879,0.00590969729900435
"713","rsutcs","CESM1","shp_atl_shift_1950",-0.0103898364931666,0.0078933671086899
"714","rsutcs","E3SM","shp_atl_shift_1950",-0.0121319928296685,0.00232772361084096
"715","rsutcs","GFDL-ESM4","shp_atl_shift_1950",-0.00466778255741644,0.0252287323360229
"716","rsutcs","GISS-E2.1","shp_atl_shift_1950",-0.0316687044829322,0.00542489962243686
"717","rsutcs","NorESM2","shp_atl_shift_1950",-0.00382320062032022,0.0132853803203803
"718","so2","CAM-ATRAS","shp_atl_shift_1950",1.91631871788588e-11,1.10541882668369e-12
"719","so2","CESM1","shp_atl_shift_1950",-1.14736688697867e-11,7.353536118169e-13
"720","so2","GISS-E2.1","shp_atl_shift_1950",1.08961421779603e-11,1.82392058044625e-13
"721","so2","NorESM2","shp_atl_shift_1950",1.29814646081555e-11,9.85301907757041e-13
"722","srfdms","E3SM","shp_atl_shift_1950",1.0459694290863e-14,2.67559019342484e-14
"723","wetbc","CAM-ATRAS","shp_atl_shift_1950",2.71762860602033e-16,4.73589283476488e-16
"724","wetbc","CESM1","shp_atl_shift_1950",5.04928340715007e-16,9.25151326596125e-16
"725","wetbc","E3SM","shp_atl_shift_1950",4.33923898521069e-16,2.36034823741853e-16
"726","wetbc","GFDL-ESM4","shp_atl_shift_1950",-8.06528404263262e-17,2.99472831457679e-16
"727","wetbc","GISS-E2.1","shp_atl_shift_1950",-9.78024423377901e-17,3.17992888317201e-16
"728","wetbc","NorESM2","shp_atl_shift_1950",4.78746437699274e-16,6.7626930928414e-16
"729","wetso2","CAM-ATRAS","shp_atl_shift_1950",3.20849033848719e-14,2.49063657346245e-15
"730","wetso2","GFDL-ESM4","shp_atl_shift_1950",2.32445713437536e-15,1.32962601103639e-15
"731","wetso2","NorESM2","shp_atl_shift_1950",4.86672282820246e-14,4.31114655743803e-15
"732","wetso4","CAM-ATRAS","shp_atl_shift_1950",2.16207112820313e-13,9.43373272849108e-15
"733","wetso4","CESM1","shp_atl_shift_1950",1.92615099513417e-13,1.38156346073562e-14
"734","wetso4","E3SM","shp_atl_shift_1950",1.04945403311142e-13,3.22954682413691e-15
"735","wetso4","GISS-E2.1","shp_atl_shift_1950",1.61479485813596e-13,4.47760103923609e-15
"736","wetso4","NorESM2","shp_atl_shift_1950",7.3813586389712e-14,8.03533728184062e-15
"737","cl","CAM-ATRAS","shp_ind_shift_1950",-0.00155244460989108,0.012939628433657
"738","cl","CESM1","shp_ind_shift_1950",0.0177522183095426,0.0131121878574105
"739","cl","GISS-E2.1","shp_ind_shift_1950",-0.00538626954999692,0.0157288121167545
"740","clivi","CAM-ATRAS","shp_ind_shift_1950",-2.03443512779497e-06,3.12917334832246e-06
"741","clivi","CESM1","shp_ind_shift_1950",-2.06795303139931e-05,2.6780658589431e-05
"742","clivi","E3SM","shp_ind_shift_1950",-1.80033273831023e-05,1.45057489402005e-05
"743","clivi","GFDL-ESM4","shp_ind_shift_1950",2.68902287537787e-05,0.000151215807801307
"744","clivi","GISS-E2.1","shp_ind_shift_1950",2.75677494073312e-05,0.000433953445434317
"745","clivi","NorESM2","shp_ind_shift_1950",2.8294194324224e-05,7.60805896681027e-05
"746","clt","CAM-ATRAS","shp_ind_shift_1950",0.0252274390725532,0.0337820340525438
"747","clt","CESM1","shp_ind_shift_1950",-0.031996187766191,0.0811713423784607
"748","clt","E3SM","shp_ind_shift_1950",0.00521361688710726,0.0312764104202214
"749","clt","GISS-E2.1","shp_ind_shift_1950",0.00476421945371897,0.0485442593085217
"750","clt","NorESM2","shp_ind_shift_1950",0.0463810466967502,0.118267990245656
"751","cltc","GFDL-ESM4","shp_ind_shift_1950",0.00104359913967809,0.00166120075082959
"752","cltc","GISS-E2.1","shp_ind_shift_1950",-0.00730448560348105,0.00852054202953539
"753","dms","CAM-ATRAS","shp_ind_shift_1950",-2.50392511322446e-14,1.14371970326192e-13
"754","dms","CESM1","shp_ind_shift_1950",0,0
"755","dms","GISS-E2.1","shp_ind_shift_1950",-5.256332798167e-14,5.4654232225355e-14
"756","dms","NorESM2","shp_ind_shift_1950",-5.89043189293047e-15,4.28542264734636e-14
"757","drybc","CAM-ATRAS","shp_ind_shift_1950",3.42458787306345e-18,3.65800288830235e-17
"758","drybc","CESM1","shp_ind_shift_1950",8.4540864230563e-17,1.05618498207957e-16
"759","drybc","E3SM","shp_ind_shift_1950",4.47422823181111e-17,7.01425533703324e-17
"760","drybc","GFDL-ESM4","shp_ind_shift_1950",1.28337252291436e-17,1.71417596945782e-16
"761","drybc","GISS-E2.1","shp_ind_shift_1950",1.36497782286077e-17,4.56059282170643e-17
"762","drybc","NorESM2","shp_ind_shift_1950",-2.04598340399899e-17,7.14543426927806e-17
"763","dryso2","CAM-ATRAS","shp_ind_shift_1950",-6.43086912366126e-14,3.36235041950616e-15
"764","dryso2","E3SM","shp_ind_shift_1950",-9.86512412368022e-14,4.36628199211123e-15
"765","dryso2","GFDL-ESM4","shp_ind_shift_1950",-9.52659644873307e-14,6.85848469436286e-15
"766","dryso2","GISS-E2.1","shp_ind_shift_1950",-1.39090084161697e-13,1.93111726209068e-15
"767","dryso2","NorESM2","shp_ind_shift_1950",-1.46965178525563e-13,1.01526743951408e-14
"768","dryso4","CAM-ATRAS","shp_ind_shift_1950",-2.25878857587017e-14,1.57359684855073e-15
"769","dryso4","CESM1","shp_ind_shift_1950",-1.92489701768298e-14,2.56283300116025e-15
"770","dryso4","E3SM","shp_ind_shift_1950",-1.67719234552963e-14,1.22824285322724e-15
"771","dryso4","GISS-E2.1","shp_ind_shift_1950",-1.13304121543081e-14,1.14068211250643e-15
"772","dryso4","NorESM2","shp_ind_shift_1950",-1.13453800684149e-14,2.31421585969918e-15
"773","emibc","CAM-ATRAS","shp_ind_shift_1950",-1.15681206141186e-22,3.32651817431006e-21
"774","emibc","CESM1","shp_ind_shift_1950",1.69810668492757e-21,5.01886380991047e-21
"775","emibc","E3SM","shp_ind_shift_1950",4.20504741530536e-22,2.59450733715094e-21
"776","emibc","GFDL-ESM4","shp_ind_shift_1950",-6.89660604588204e-21,6.33568545252427e-21
"777","emibc","GISS-E2.1","shp_ind_shift_1950",0,0
"778","emibc","NorESM2","shp_ind_shift_1950",2.35244317279785e-22,1.20180271727289e-21
"779","emiso2","CAM-ATRAS","shp_ind_shift_1950",-1.95223885378032e-13,6.64156553226903e-15
"780","emiso2","CESM1","shp_ind_shift_1950",-1.91564918092908e-13,6.52417718312321e-15
"781","emiso2","E3SM","shp_ind_shift_1950",-2.02560536447086e-13,6.89903900051145e-15
"782","emiso2","GFDL-ESM4","shp_ind_shift_1950",-2.16009462955844e-13,1.58780970579932e-14
"783","emiso2","GISS-E2.1","shp_ind_shift_1950",-1.83406253727469e-13,0
"784","emiso2","NorESM2","shp_ind_shift_1950",-2.04819712580826e-13,1.49976092790584e-14
"785","loadbc","CAM-ATRAS","shp_ind_shift_1950",-5.24424753396011e-11,1.54195379888353e-10
"786","loadbc","E3SM","shp_ind_shift_1950",1.42062148916454e-11,2.20962814232211e-10
"787","loadbc","NorESM2","shp_ind_shift_1950",1.02538030099435e-10,5.86245701526077e-10
"788","loadso2","CAM-ATRAS","shp_ind_shift_1950",-9.57128481696821e-09,8.46478233446943e-10
"789","loadso2","CESM1","shp_ind_shift_1950",-1.4883369132304e-08,2.82079029789208e-09
"790","loadso2","E3SM","shp_ind_shift_1950",-1.18329344715501e-08,8.93589441187415e-10
"791","loadso2","GISS-E2.1","shp_ind_shift_1950",-1.18071866183156e-08,1.87775091227413e-09
"792","loadso2","NorESM2","shp_ind_shift_1950",-4.04573343475816e-09,5.87763824399567e-10
"793","loadso4","CAM-ATRAS","shp_ind_shift_1950",-2.41948210833418e-08,4.43398218399217e-09
"794","loadso4","E3SM","shp_ind_shift_1950",-1.41596844193742e-08,2.63140432972753e-09
"795","loadso4","GFDL-ESM4","shp_ind_shift_1950",-1.43255944588422e-08,6.62826058717154e-09
"796","loadso4","GISS-E2.1","shp_ind_shift_1950",-1.07846618932633e-08,2.92077811898879e-09
"797","loadso4","NorESM2","shp_ind_shift_1950",-7.38761023734348e-09,3.6577012474941e-09
"798","mmrbc","CAM-ATRAS","shp_ind_shift_1950",-1.75408179599062e-14,4.04833424449325e-14
"799","mmrbc","CESM1","shp_ind_shift_1950",8.49127093209783e-15,6.29323631441066e-14
"800","mmrbc","GISS-E2.1","shp_ind_shift_1950",1.18915487633901e-14,3.89031700890386e-14
"801","mmrbc","NorESM2","shp_ind_shift_1950",-2.09762203318975e-14,5.60648640753386e-14
"802","mmrso4","CAM-ATRAS","shp_ind_shift_1950",-1.45523655991115e-11,1.09271250313888e-12
"803","mmrso4","CESM1","shp_ind_shift_1950",-1.21607648329482e-11,1.30760303914859e-12
"804","mmrso4","E3SM","shp_ind_shift_1950",-8.33857002081457e-12,7.63403321784803e-13
"805","mmrso4","GISS-E2.1","shp_ind_shift_1950",-9.60749073040031e-12,8.39870742174549e-13
"806","mmrso4","NorESM2","shp_ind_shift_1950",-6.12151410625596e-12,9.89630719812311e-13
"807","od550aer","CAM-ATRAS","shp_ind_shift_1950",-0.00016412928102823,0.000125097394628772
"808","od550aer","CESM1","shp_ind_shift_1950",-0.00038541624697242,0.000410998408116566
"809","od550aer","E3SM","shp_ind_shift_1950",-8.65798762485492e-05,0.000172557486698302
"810","od550aer","GFDL-ESM4","shp_ind_shift_1950",0.000132117692117678,0.000807427108338489
"811","od550aer","GISS-E2.1","shp_ind_shift_1950",-0.0005105140662715,8.20336883065006e-05
"812","rlut","CAM-ATRAS","shp_ind_shift_1950",-0.0011093803546828,0.0150235952272869
"813","rlut","CESM1","shp_ind_shift_1950",-0.0602611060072377,0.0559916029509994
"814","rlut","E3SM","shp_ind_shift_1950",-0.0129804272529441,0.0321799414980078
"815","rlut","GFDL-ESM4","shp_ind_shift_1950",-0.00119645307125893,0.0260685016736013
"816","rlut","GISS-E2.1","shp_ind_shift_1950",0.0162258465617526,0.0358119663218656
"817","rlut","NorESM2","shp_ind_shift_1950",0.0432661447403234,0.15662170041821
"818","rlutcs","CAM-ATRAS","shp_ind_shift_1950",-0.000655912801448721,0.00851871795542958
"819","rlutcs","CESM1","shp_ind_shift_1950",-0.0186082685807719,0.015371718379169
"820","rlutcs","E3SM","shp_ind_shift_1950",-0.00617760329457724,0.0149680084250738
"821","rlutcs","GFDL-ESM4","shp_ind_shift_1950",-0.00475960437798903,0.0103885477510425
"822","rlutcs","GISS-E2.1","shp_ind_shift_1950",0.00200830479046772,0.0105546405421034
"823","rlutcs","NorESM2","shp_ind_shift_1950",-0.00720309372040902,0.0291286065131143
"824","rsdt","CAM-ATRAS","shp_ind_shift_1950",1.61135426424153e-07,6.23103558529168e-07
"825","rsdt","CESM1","shp_ind_shift_1950",0,0
"826","rsdt","E3SM","shp_ind_shift_1950",0,0
"827","rsdt","GFDL-ESM4","shp_ind_shift_1950",0,0
"828","rsdt","GISS-E2.1","shp_ind_shift_1950",0,0
"829","rsdt","NorESM2","shp_ind_shift_1950",-1.06131733446091e-07,2.90486241781448e-07
"830","rsut","CAM-ATRAS","shp_ind_shift_1950",0.0191451435783989,0.0251852922558207
"831","rsut","CESM1","shp_ind_shift_1950",0.0526809512522533,0.0831776542879102
"832","rsut","E3SM","shp_ind_shift_1950",0.0301313503525421,0.0349643326691447
"833","rsut","GFDL-ESM4","shp_ind_shift_1950",-0.00712114269340418,0.0572880433927039
"834","rsut","GISS-E2.1","shp_ind_shift_1950",0.00658843836282017,0.0829758355188619
"835","rsut","NorESM2","shp_ind_shift_1950",0.00274961204981707,0.133574994230069
"836","rsutcs","CAM-ATRAS","shp_ind_shift_1950",0.00564716665126781,0.00376842227173179
"837","rsutcs","CESM1","shp_ind_shift_1950",0.0103360294063691,0.00968179361466944
"838","rsutcs","E3SM","shp_ind_shift_1950",0.00439217154840321,0.00490993354857073
"839","rsutcs","GFDL-ESM4","shp_ind_shift_1950",-0.00311734855448407,0.0206690125287652
"840","rsutcs","GISS-E2.1","shp_ind_shift_1950",0.0162181798782214,0.00320634349754738
"841","rsutcs","NorESM2","shp_ind_shift_1950",0.0083301579041148,0.012956835696198
"842","so2","CAM-ATRAS","shp_ind_shift_1950",-9.48250575383468e-12,5.84989639294448e-13
"843","so2","CESM1","shp_ind_shift_1950",-1.14736688697867e-11,7.353536118169e-13
"844","so2","GISS-E2.1","shp_ind_shift_1950",-5.70746714139659e-12,9.11351398956494e-14
"845","so2","NorESM2","shp_ind_shift_1950",-6.40748513678016e-12,4.97895153547093e-13
"846","srfdms","E3SM","shp_ind_shift_1950",1.80297013618369e-14,2.7346288206076e-14
"847","wetbc","CAM-ATRAS","shp_ind_shift_1950",-2.8832215207464e-17,5.9899323021876e-16
"848","wetbc","CESM1","shp_ind_shift_1950",-1.88347781212386e-17,1.32449477173672e-15
"849","wetbc","E3SM","shp_ind_shift_1950",-1.24298002329136e-16,4.52607868773737e-16
"850","wetbc","GFDL-ESM4","shp_ind_shift_1950",2.69937385923344e-16,1.15089089574031e-15
"851","wetbc","GISS-E2.1","shp_ind_shift_1950",1.92128553905607e-17,3.89015476794784e-16
"852","wetbc","NorESM2","shp_ind_shift_1950",1.0636278130302e-16,5.28432998035833e-16
"853","wetso2","CAM-ATRAS","shp_ind_shift_1950",-1.67620538191994e-14,1.33503725305307e-15
"854","wetso2","GFDL-ESM4","shp_ind_shift_1950",-2.20075536201954e-14,2.01349208795124e-15
"855","wetso2","NorESM2","shp_ind_shift_1950",-2.5105337219675e-14,1.8420209231096e-15
"856","wetso4","CAM-ATRAS","shp_ind_shift_1950",-1.1414558783458e-13,8.73620785428581e-15
"857","wetso4","CESM1","shp_ind_shift_1950",-8.86185623315677e-14,1.46137388967353e-14
"858","wetso4","E3SM","shp_ind_shift_1950",-4.6815139829379e-14,5.27383225967303e-15
"859","wetso4","GISS-E2.1","shp_ind_shift_1950",-7.21718178271537e-14,3.45566462259281e-15
"860","wetso4","NorESM2","shp_ind_shift_1950",-3.52106451866692e-14,3.47207719527107e-15
